id;code;libelle
1;Licensed Via Senior;Specialist mesh Forint
2;Graphic Interface;project Turnpike port
3;navigating;Refined Fresh Mouse
4;functionalities Kenyan Shilling;Generic Rustic
5;Berkshire seamless payment;Harbor Frozen
6;North Korean Won Maryland Identity;didactic Markets Rand
7;architecture Supervisor;Tennessee optimize
8;bypassing Pants bleeding-edge;Maryland instruction set synthesizing
9;invoice sticky;Kentucky solution-oriented bluetooth
10;Mobility interfaces;grey web-readiness Berkshire
